ID,Пайдаланушы тарихы,1-қатысушы,2-қатысушы,3-қатысушы,Бірінші раунд айырмасы,Келісілген SP,Айырмашылық себебі,Нақтыланған қабылдау критерийі
US-01,ENU аккаунтымен тіркелу,3,5,8,5,5,ENU доменін тексеру және теріс сценарий әртүрлі түсіндірілді,ENU доменіне жатпайтын пошта 403 қатесімен қабылданбайды
US-02,Профильді толтыру,2,3,3,1,3,Міндетті өрістер мен құпиялық тексеруі нақтыланды,Телефон міндетті емес және басқа пайдаланушыға көрсетілмейді
US-03,Бағыт пен күн бойынша іздеу,3,5,8,5,5,"Сүзгілер, сұрыптау және бос нәтиже күйі толық есептелмеген",Нәтиже болмаса бос күй және сүзгіні тазарту әрекеті көрсетіледі
US-04,Сапар карточкасын көру,3,3,5,2,3,Деректер құрамы мен жабық сапар күйі талқыланды,Жабық сапарда қосылу батырмасы белсенді болмайды
US-05,Жаңа сапар құру,5,8,8,3,8,"Draft күйі, валидация және жариялау ережесі жасырын жұмыс қосты",Қате өрістер түзетілмейінше сапар жарияланбайды және draft сақталады
US-06,Орын санын белгілеу,1,2,3,2,2,Шекаралық мәндер мен орын санының өзгеруі нақтыланды,Орын саны 1–4 аралығында ғана қабылданады
US-07,Шығын үлесін көрсету,1,2,3,2,2,Сома диапазоны мен көрсету форматы әртүрлі бағаланды,Сома теңгемен және 0–5000 аралығында көрсетіледі
US-08,Қосылу сұрауын жіберу,3,5,8,5,5,Бос орынды бір уақытта өзгерту және хабарлама тәуелділігі бар,Бос орын қалмаса қатар келген екінші сұрау қабылданбайды
US-09,Сұрауды қабылдау немесе қабылдамау,5,8,13,8,8,"Қайталанған шешім, орын саны және race condition ескерілді",Бір сұрауға қайталама шешім берілмейді және орын саны атомарлы өзгереді
US-10,Менің сапарларым,2,3,5,3,3,Алдағы және өткен сапарларды топтау ережесі нақтыланды,Сапарлар алдағы және өткен болып бөлініп күн бойынша сұрыпталады
