ID,Epic,Title,User Story,Acceptance Criteria,Story Points,Labels,Release
US-01,Тіркелу және тексерілу,ENU аккаунтымен тіркелу,"Студент ретінде ENU аккаунтыммен тіркелгім келеді, сонда тек университет қауымдастығы сервиске кіре алады.",Оң сценарий: Given қолданушыда жарамды ENU поштасы бар; When растау сілтемесін қолданады; Then профиль verified мәртебесімен ашылады. Жарамсыз домен қабылданбайды. Теріс сценарий: Given пошта домені ENU-ға тиесілі емес; When пайдаланушы тіркелуді жібереді; Then жүйе сұрауды қабылдамайды және аккаунт құрмайды.,5,"MVP, security",MVP
US-02,Тіркелу және тексерілу,Профильді толтыру,"Пайдаланушы ретінде аты-жөнімді, рөлімді және байланыс тәсілін көрсеткім келеді.",Оң сценарий: Given verified аккаунт; When міндетті өрістерді толтырып сақтайды; Then профиль ашылады және нақты үй мекенжайы жарияланбайды. Теріс сценарий: Given профильдің міндетті өрісі бос; When пайдаланушы профильді сақтайды; Then жүйе қатені көрсетеді және профильді жарияламайды.,3,"MVP, profile",MVP
US-03,Сапарды іздеу,Бағыт пен күн бойынша іздеу,"Жолаушы ретінде бағыт пен күнді енгізіп, сәйкес сапарларды көргім келеді.","Оң сценарий: Given белсенді сапарлар бар; When бастапқы аудан, межелі орын және күнді таңдайды; Then сәйкес нәтижелер уақыт бойынша сұрыпталып көрсетіледі. Теріс сценарий: Given таңдалған параметрлер бойынша сапар жоқ; When пайдаланушы іздеу жасайды; Then жүйе бос нәтиже көрсетіп, сүзгілерді өзгертуді ұсынады.",5,"MVP, search",MVP
US-04,Сапарды іздеу,Сапар карточкасын көру,"Жолаушы ретінде шешім қабылдау үшін сапардың уақытын, бос орнын және жүргізуші профилін көргім келеді.","Оң сценарий: Given іздеу нәтижесі ашық; When карточканы таңдайды; Then уақыт, кездесу нүктесі, бос орын, болжамды үлес және verified мәртебесі көрсетіледі. Теріс сценарий: Given сапар жабық немесе бос орын жоқ; When пайдаланушы карточканы ашады; Then қосылу батырмасы қолжетімсіз болып, себебі көрсетіледі.",3,"MVP, search",MVP
US-05,Сапар құру,Жаңа сапар құру,"Жүргізуші ретінде маршрут, күн және уақыт көрсетіп сапар құрғым келеді.","Оң сценарий: Given verified жүргізуші; When барлық міндетті өрісті толтырады; Then сапар Draft ретінде сақталып, тексеруге көрсетіледі. Теріс сценарий: Given сапардың міндетті деректері толтырылмаған; When жүргізуші жариялауға әрекет жасайды; Then жүйе черновикті сақтап, қателерді көрсетеді.",5,"MVP, trip",MVP
US-06,Сапар құру,Орын санын белгілеу,"Жүргізуші ретінде бос орын санын көрсеткім келеді, сонда артық бронь болмайды.","Оң сценарий: Given сапар Draft күйінде; When 1–4 аралығындағы орын санын енгізеді; Then жүйе мәнді сақтайды, ал басқа мәндерді қате деп көрсетеді. Теріс сценарий: Given 1-ден аз немесе 4-тен көп орын енгізілген; When жүргізуші сапарды сақтайды; Then мән қабылданбай, рұқсат етілген диапазон көрсетіледі.",2,"MVP, trip",MVP
US-07,Сапар құру,Шығын үлесін көрсету,Жүргізуші ретінде бір жолаушыға болжамды шығын үлесін көрсеткім келеді.,Оң сценарий: Given сапар Draft күйінде; When 0–5000 теңге аралығындағы соманы енгізеді; Then сома карточкада болжамды үлес ретінде көрсетіледі. Теріс сценарий: Given сома 0-ден аз немесе 5000 теңгеден көп; When жүргізуші соманы сақтайды; Then жүйе мәнді қабылдамайды.,2,"MVP, cost",MVP
US-08,Сапарға қосылу,Қосылу сұрауын жіберу,Жолаушы ретінде бос орны бар сапарға қосылу сұрауын жібергім келеді.,"Оң сценарий: Given verified жолаушы және бос орын бар; When Қосылу батырмасын басады; Then сұрау Pending күйінде жасалып, жүргізушіге хабарлама жіберіледі. Теріс сценарий: Given бос орын жоқ; When жолаушы сұрау жібереді; Then сұрау құрылмайды және орын жоқ екені көрсетіледі.",5,"MVP, booking",MVP
US-09,Сапарға қосылу,Сұрауды қабылдау немесе қабылдамау,Жүргізуші ретінде жолаушының сұрауын қабылдағым немесе қабылдамағым келеді.,"Оң сценарий: Given Pending сұрау бар; When жүргізуші шешім таңдайды; Then мәртебе жаңарып, жолаушыға хабарлама кетеді; қабылданса бос орын 1-ге азаяды. Теріс сценарий: Given сұрау бұрын өңделген; When жүргізуші оны қайта қабылдайды немесе қабылдамайды; Then мәртебе мен орын саны өзгермейді.",5,"MVP, booking",MVP
US-10,Сапарды басқару,Менің сапарларым,Пайдаланушы ретінде алдағы және өткен сапарларымды бір жерден көргім келеді.,Оң сценарий: Given қолданушы жүйеге кірген; When Менің сапарларым бөлімін ашады; Then сапарлар Алдағы және Өткен топтарында көрсетіледі. Теріс сценарий: Given пайдаланушыда сапар жоқ; When ол бөлімді ашады; Then жүйе қатесіз бос күйді көрсетеді.,3,"MVP, trip",MVP
US-11,Сапарды басқару,Сапардан бас тарту,"Қатысушы ретінде жоспар өзгерсе, сапардан бас тартқым келеді.","Оң сценарий: Given алдағы сапар бар; When Бас тарту әрекетін растайды; Then мәртебе жаңарып, басқа қатысушыларға 60 секунд ішінде хабарлама жіберіледі. Теріс сценарий: Given сапар аяқталған; When қатысушы бас тартуға әрекет жасайды; Then әрекет бұғатталып, мәртебе өзгермейді.",3,"MVP, cancellation",MVP
US-12,Сапарды басқару,Сапарды жабу,Жүргізуші ретінде сапар аяқталғанын белгілегім келеді.,"Оң сценарий: Given сапар уақыты өтіп кеткен; When жүргізуші Аяқталды деп белгілейді; Then сапар Completed күйіне ауысып, бағалау ашылады. Теріс сценарий: Given сапар уақыты әлі келмеген; When жүргізуші сапарды жабуға әрекет жасайды; Then жүйе әрекетті қабылдамайды.",2,"MVP, trip",MVP
US-13,Сенім және қауіпсіздік,Қатысушыны бағалау,Пайдаланушы ретінде сапардан кейін басқа қатысушыға 1–5 баға бергім келеді.,"Оң сценарий: Given Completed сапар; When 1–5 баға мен міндетті емес пікір жібереді; Then бір сапарға бір баға сақталып, орташа рейтинг қайта есептеледі. Теріс сценарий: Given пайдаланушы осы сапардағы қатысушыны бағалап қойған; When екінші бағаны жібереді; Then қайталанған баға сақталмайды.",3,"trust, rating",Release 2
US-14,Сенім және қауіпсіздік,Шағым жіберу,Пайдаланушы ретінде ереже бұзылғанда шағым жібергім келеді.,"Оң сценарий: Given пайдаланушы сапар қатысушысы; When санат, сипаттама және қажет болса дәлел қосады; Then шағым ID алып, New күйінде модераторға түседі. Теріс сценарий: Given міндетті санат немесе сипаттама жоқ; When пайдаланушы шағым жібереді; Then шағым құрылмай, толтырылмаған өрістер көрсетіледі.",5,"safety, complaint",Release 2
US-15,Сенім және қауіпсіздік,Пайдаланушыны бұғаттау,Пайдаланушы ретінде белгілі бір адамнан сұрау алмау үшін оны бұғаттағым келеді.,Оң сценарий: Given басқа пайдаланушы профилі ашық; When Бұғаттау әрекетін растайды; Then екі тарап бір-бірінің сапарларына қосыла алмайды. Теріс сценарий: Given пайдаланушы бұрын бұғатталған; When бұғаттау қайта жіберіледі; Then қайталанған жазба құрылмайды.,3,"safety, block",Release 2
US-16,Модерация,Шағымды өңдеу,"Модератор ретінде шағымды қарап, шешім мен себепті тіркегім келеді.",Оң сценарий: Given New шағым бар; When модератор шешім мен түсіндірмені сақтайды; Then мәртебе Closed болады және аудит журналында жазба пайда болады. Теріс сценарий: Given пайдаланушының рөлі модератор емес; When ол шағымды жабуға әрекет жасайды; Then жүйе 403 қайтарады және шағымды өзгертпейді.,5,"admin, complaint",Release 2
US-17,Хабарламалар,Мәртебе өзгерісі туралы хабарлама,"Пайдаланушы ретінде қосылу, бас тарту және уақыт өзгерісі туралы хабарлама алғым келеді.","Оң сценарий: Given оқиға жасалды; When мәртебе өзгереді; Then қолданушыға 60 секунд ішінде хабарлама жіберіліп, жеткізу нәтижесі журналға жазылады. Теріс сценарий: Given хабарлама сервисі уақытша қолжетімсіз; When мәртебе өзгереді; Then үш қайта жіберу орындалып, ақау журналға жазылады.",5,"MVP, notification",MVP
US-18,Локализация,Қазақша орысша және ағылшынша интерфейс,"Пайдаланушы ретінде интерфейс тілін қазақша, орысша немесе ағылшынша таңдағым келеді.","Оң сценарий: Given жүйе ашық; When тіл ауыстырылады; Then MVP экрандарындағы барлық мәтін таңдалған тілде көрсетіліп, таңдау келесі сессияда сақталады. Теріс сценарий: Given таңдалған тіл үшін аударма кілті жоқ; When экран ашылады; Then локализация тексеруі бос жол қалдырмай қателікпен аяқталады.",5,"i18n, accessibility",Release 3
