week_start,week_end,throughput_items
2026-04-06,2026-04-12,3
2026-04-13,2026-04-19,9
2026-04-20,2026-04-26,1
2026-04-27,2026-05-03,8
2026-05-04,2026-05-10,3
2026-05-11,2026-05-17,8
2026-05-18,2026-05-24,16
2026-05-25,2026-05-31,9
2026-06-01,2026-06-07,2
2026-06-08,2026-06-14,4
2026-06-15,2026-06-21,0
2026-06-22,2026-06-28,1
2026-06-29,2026-07-05,3
2026-07-06,2026-07-12,2
2026-07-13,2026-07-19,3
2026-07-20,2026-07-26,3
2026-07-27,2026-08-02,2
2026-08-03,2026-08-09,0
2026-08-10,2026-08-16,6
2026-08-17,2026-08-23,5
2026-08-24,2026-08-30,2
2026-08-31,2026-09-06,12
2026-09-07,2026-09-13,1
2026-09-14,2026-09-20,1
2026-09-21,2026-09-27,2
2026-09-28,2026-10-04,0
